pi_name,Grant Award,Grant Proposal,Total
Aaron Abbarno,1,0,1
Abdul-Hanan Abdallah,1,0,1
Abhijit Banerjee,2,0,2
"Abhijit Banerjee 
PhD Vesall Nourani",0,1,1
Abla Safir,1,1,2
Abou Bakarr Kamara,0,1,1
Abraham Holland,1,0,1
Abu S. Shonchoy,3,0,3
Achyuta Adhvaryu,1,0,1
Ada Kwan,1,0,1
Adam Kapor,1,0,1
Adam Lichtenheld,1,0,1
Adam Osman,0,1,1
Adam Richards,0,1,1
Adam Szeidl,1,0,1
Aditya Kapur,1,0,1
Adnan Khan,1,1,2
Adriana Camacho Gonzalez,1,0,1
Adrien Bouguen,2,0,2
Adrienne Lucas,2,0,2
Agha Ali Akram,1,1,2
Agnes Quisumbing,0,1,1
Aidan Coville,0,1,1
Aila Matanock,0,2,2
Aine Seitz McCarthy,1,1,2
Akanksha Bapna,1,0,1
Ala' Alrababa'h,2,0,2
Alamgir Kabir,1,0,1
Alan de Brauw,1,1,2
Alan Krueger,1,0,1
Alan Spearot,6,1,7
Albert Ndagijimana,0,1,1
Albert Park,1,0,1
Alberto Chong,0,2,2
Alberto Díaz-Cayeros,0,1,1
Alec Brandon,0,1,1
Alejandra Ramos Moreno,0,1,1
Alejandro Becerra,1,0,1
Aleksandra Jakubowski,0,2,2
Alessandra Voena,0,2,2
Alessandro Maffioli,0,1,1
"Alessandro Maffioli 
PhD Stanislao Maldonado",1,0,1
Alessandro Tarozzi,0,1,1
Alethea Desrosiers,3,0,3
Aletheia Donald,2,1,3
Alex Armand,0,2,2
Alex Pfaff,1,0,1
Alexander Fertig,1,0,1
Alexander Spevack,1,0,1
Alexandra Hartman,4,5,9
Alexandra Johnston,1,0,1
Alexandra Scacco,3,0,3
Alexia Delfino,2,0,2
Alfredo Burlando,5,2,7
Alice G. Laborte,1,0,1
Alice Wuermli,2,1,3
Alicia Marguerie,0,1,1
Alipio Ferreira,1,0,1
Allan Bernardo,0,1,1
Allen Blackman,3,0,3
Allen Hicken,1,0,1
Allison Grossman,1,0,1
Altin Ilirjani,1,0,1
Amanda Kowalski,1,0,1
Ambika Sharma,1,0,1
Ameet Morjaria,1,0,1
Aminur Rahman,1,0,1
"Aminur Rahman 
PhD Marine Gassier",1,0,1
Amir Jina,0,1,1
Amit Khandelwal,2,0,2
Amrita Kundu,0,1,1
Amy Damon,0,1,1
Amy Pickering,3,2,5
Ana Garcia Hernandez,2,0,2
Ana María Rojas Méndez,1,0,1
Ana Maria Diaz Escobar,2,0,2
Ana Maria Ibanez,1,0,1
Ana Maria Montoya,2,0,2
Ana Saavedra,1,0,1
Anant Nyshadham,1,0,1
Anastasia Aladysheva,0,1,1
Anca Balietti,0,1,1
Anders Jensen,2,0,2
Andrés Ham,2,0,2
Andre J Nickow,2,0,2
"Andre J Nickow 
PhD Nathan Barker",1,0,1
Andrea Di Miceli,1,0,1
Andrea Smurra,0,1,1
Andrea Stafford,0,1,1
Andreas de Barros,0,2,2
Andrei Kim,0,1,1
Andres Felipe Rodriguez,1,1,2
Andres Moya,4,1,5
Andres Vargas,0,1,1
Andrew Brudevold-Newman,2,1,3
Andrew D. Jones,3,0,3
Andrew Dillon,7,8,15
Andrew Dustan,3,3,6
Andrew Peter Brudevold-Newman,0,1,1
Andrew Zeitlin,3,2,5
Angela Doku,1,0,1
Angela Harris,1,0,1
Angela Lee Duckworth,1,0,1
Angela Ofori-Atta,2,0,2
Angela Robinson,1,0,1
Angeli Kirk,1,0,1
Aniceto Orbeta,1,1,2
Anil Jain,0,1,1
Anita Shankar,1,1,2
Anja Lambrecht,1,0,1
Anja Sautmann,2,1,3
Anna Maria Wilke,2,2,4
"Anna Maria Wilke 
PhD Jasper Cooper",0,1,1
Anne Fitzpatrick,4,1,5
Anne Karing,4,0,4
Annie Duflo,0,1,1
Anthony Keats,1,0,1
Anthony Ware,0,1,1
Antoinette Schoar,4,2,6
Anusuya Sivaram,1,0,1
Archon Fung,1,0,1
Arianna Zanolini,1,0,1
Ariel BenYishay,2,0,2
Arielle Bernhardt,2,0,2
Aries Arugay,0,1,1
Arja Dayal,1,0,1
Arman Rezaee,1,0,1
Arndt Rudiger Reichert,1,0,1
Arnelyn May Abdon,0,1,1
Arthur Lagrange,1,1,2
Arvind Ashta,0,1,1
Ashley Pople,1,1,2
Ashley Rene Styczynski,1,0,1
Assumpta Mukabutera,0,1,1
Atonu Rabbani,4,2,6
Avi Ahuja,0,1,1
Aye Myat Thi,0,2,2
Ayesha Siddiqi,0,1,1
Barbara Sparrow,1,0,1
Barry Finette,1,0,1
Bastien Michel,1,1,2
Beatrice Montano,2,0,2
Becquey Elodie,0,2,2
Ben Oppenheim,1,0,1
Ben Tan,3,0,3
Ben Wekesa,0,1,1
Benjamin Crost,0,1,1
Benjamin Kachero,0,1,1
Benjamin Keys,1,0,1
Benjamin Lessing,1,2,3
"Benjamin Olken 
PhD Tim Dobermann",0,1,1
Benjamin Roth,3,0,3
Berber Kramer,1,1,2
Bernard Ngabo Rwabufigiri,1,0,1
Bernd Beber,2,0,2
Beth Phillips,0,1,1
Betty Kirkwood,1,0,1
Bilal Siddiqi,3,2,5
Bilal Zia,5,1,6
Bird David Mathew,2,0,2
Björn Nilsson,1,0,1
Boris Branisa,0,1,1
Bram Thuysbaert,2,2,4
Brenton Peterson,1,0,1
Brett Green,1,0,1
Brian Jacob,1,0,1
Brian Mwesigwa,1,0,1
Brian Wampler,1,0,1
Bridget Hoffmann,5,1,6
Bridget Lynn Hoffmann,1,0,1
Britta Augsburg,1,0,1
Brooke Krause,0,1,1
Bruno Crepon,3,0,3
Bryce Millett Steinberg,1,1,2
Bryce Steinberg,1,1,2
Byela Tibesigwa,0,1,1
C. Austin Davis,1,1,2
César Mantilla,1,0,1
Calvin Chiu,1,0,1
Camilla Fabbri,1,0,1
Camilo Pecha,1,0,1
Cara Anotnaccio,1,0,1
Carlos Gustavo Machicado,0,1,1
Carlos Muñoz Piña,0,1,1
Carlos Parra,0,1,1
Carlos Santiago Guzmán Gutiérrez,1,0,1
Carlos Schmidt-Padilla,0,1,1
Carlotta Nani,1,0,1
Carly Tratchman,0,1,1
Carol Scheffner,0,1,1
Carol Underwood,1,0,1
Carolina Gonzales-Velosa,1,0,1
Caroline Theoharides,1,1,2
Casey Maue,0,1,1
Catherine Carlson,1,0,1
Catherine Crespi,1,0,1
"Catherine Dolan 
PhD Anna Custers",0,1,1
Catherine Rodriguez,0,2,2
Catherine Thomas,0,1,1
Catherine Wolfram,1,1,2
Cathy Zimmerman,2,1,3
Catlan E Reardon,2,0,2
Cecilia Hyunjung Mo,0,1,1
Cecilia Mo,1,6,7
Celine Wuyts,2,2,4
Ceren Baysan,3,0,3
Cesi Cruz,2,1,3
Changha Lee,1,0,1
Chaning Jang,1,0,1
Charles Belanger,0,1,1
Choung Bui,1,0,1
Chris Barrett,2,0,2
Christa Brunnschweiler,0,1,1
Christelle Flore,1,0,1
Christian Lippitsch,1,0,1
Christian Meyer,1,0,1
Christine Moser,1,0,1
Christopher Blattman,8,5,13
"Christopher Blattman 
PhD Benjamin Marx",1,0,1
Christopher Boyer,1,0,1
Christopher Campos,1,0,1
Christopher Eaglin,1,0,1
Christopher Gonzalez,1,0,1
Christopher Knittel,1,0,1
Christopher Ksoll,0,1,1
Christopher Mills,1,0,1
Christopher Neilson,5,4,9
Christopher Udry,19,10,29
"Christopher Udry 
PhD Kelsey Wright",0,1,1
Christopher Woodruff,7,1,8
Chukwuemeka Eluemunor,1,0,1
Ciro Avitabile,1,1,2
Ciro Biderman,1,0,1
Clair Null,1,0,1
Claire Adida,0,1,1
Clara Delavallade,1,2,3
Clare Balboni,0,2,2
Claudia Allende,1,0,1
Claudia Macaluso,1,1,2
Claudia Martinez,0,1,1
Constantin Manuel Bosancianu,1,0,1
Constantine Manda,1,0,1
Corinne Low,3,3,6
Corrina Moucheraud,4,0,4
Costas Meghir,0,1,1
Craig Loschmann,1,0,1
Craig McIntosh,5,0,5
Crick Lund,1,0,1
Cristina Clerici,2,0,2
Cristina Dominguez Hernandez,0,1,1
Cynthia van der Werf,3,0,3
Cyrus Samii,1,0,1
Dahyeon Jeong,1,1,2
Damien de Walque,2,2,4
Damir Esenaliev,0,1,1
Damon Jones,1,0,1
Dan Levy,1,0,1
Dan Posner,0,1,1
Dan Stein,0,1,1
Dan Zeltzer,1,0,1
Dana Carney,1,0,1
Dana McCoy,0,1,1
Dani Madrid-Morales,1,0,1
Daniel Ayalew Ali,1,0,1
Daniel Björkegren,1,1,2
Daniel Keniston,0,1,1
Daniel Masterson,3,0,3
Daniel Mejia,0,1,1
Daniel Nielson,1,0,1
Daniel Ortega,0,1,1
Daniel Putman,3,0,3
Daniel Robert Thomas,0,1,1
Daniel Rojas,1,0,1
Danielle Kent,1,1,2
Dante Donati,0,1,1
Darby Jack,0,1,1
Daren Anderson,1,0,1
Darin Christensen,3,1,4
David Atkin,4,1,5
David Bishai,1,0,1
David Canning,1,0,1
David Lagakos,1,0,1
David Levine,0,1,1
David McKenzie,5,1,6
David Ortega,1,0,1
David Rosas,1,0,1
David Ross,0,1,1
David Schonholzer,1,0,1
David Sungho Park,2,1,3
David Sutherland,1,0,1
David Tschirley,1,0,1
Davidson Hamer,1,0,1
Dean Karlan,35,15,50
"Dean Karlan 
PhD Nathan Barker",1,0,1
Dean Yang,4,6,10
"Dean Yang 
PhD Lasse Brune",1,0,1
Deborah Watson-Jones,0,1,1
Deivy Houeix,2,0,2
Deon P. Filmer,1,0,1
Derek Wolfson,1,0,1
Derick Bowen,1,0,1
Desmond Maada Kangbai,1,0,1
Dev Patel,0,1,1
Diana Quintero,2,0,2
Diego Santa Maria,1,0,1
Diego Ubfal,1,2,3
Diego Vera-Cossio,1,0,1
Dina Pomeranz,1,0,1
Dmitry Taubinsky,0,2,2
Dominic Montagu,2,0,2
Dominik Hangartner,2,0,2
Donald Green,5,5,10
"Donald Green 
PhD Santiago Tobon",0,1,1
Dotan Haim,2,1,3
Doug Parkerson,13,2,15
Drew Gardiner,1,0,1
Dylan Groves,3,0,3
Eddy Malesky,0,2,2
Edit V. Velenyi,1,0,1
Eduardo Montero,0,1,1
Eduardo Nakasone,1,0,1
"Edward Glaeser 
PhD Alexia Delfino",1,0,1
Edward Komakech,0,2,2
Edward Lazear,1,0,1
Edward Seidman,1,0,1
Eeshani Kandpal,1,0,1
Effi Vasileiou,0,1,1
Elayne Stecher,2,0,2
Eleanor Wiseman,1,1,2
Eli Berman,0,1,1
Eliana Carranza,1,0,1
"Eliana Carranza 
PhD Angeli Kirk",1,0,1
Eliana La Ferrara,1,4,5
Eliasu Salifu,0,1,1
Elif Kubilay,1,2,3
Elisa Maffioli,2,8,10
Elisa Maria Maffioli,1,0,1
Elisabeth King,0,1,1
Elisabetta Aurino,1,2,3
Elizabeth Beasley,1,1,2
Elizabeth Bradley,1,0,1
Elizabeth Kelvin,0,1,1
Elizabeth Levy Paluck,1,0,1
Elizabeth McGuire,1,0,1
Elizabeth Spink,1,0,1
Elizaveta Perova,2,0,2
Ellen Moscoe,0,1,1
Elliott Collins,14,0,14
"Elliott Collins 
PhD Erika Kirgios",1,0,1
Elodie Djemai,0,2,2
Elwyn Davies,1,0,1
Emanuela Galasso,1,0,1
Emilia Tjernström,1,2,3
Emily Beam,10,4,14
Emily Breza,2,1,3
Emily Holmes,1,0,1
Emma Ingrid Naslund-Hadley,27,2,29
Emma Rikken,2,0,2
Emma Riley,6,4,10
Emma Smith,2,0,2
Emmanuel Tumusiime,1,0,1
Enamul Haque,0,1,1
Enrique Seira,0,1,1
Ephraim Chirwa,0,1,1
Eric Chyn,1,1,2
Eric Edmonds,2,0,2
Eric Parrado,1,0,1
Eric Verhoogen,2,0,2
Eric Victor Edmonds,1,0,1
Erica Field,6,6,12
Ericka Rascón,0,1,1
Erik Berwart,0,1,1
Erik Snowberg,1,0,1
Erin Giffin,1,0,1
Erin Kelley,5,1,6
Erin Troland,1,0,1
Ernest Aryeetey,1,0,1
Ernesto Dal Bo,1,1,2
Erwin Bulte,2,0,2
Esdras Byiringiro,1,0,1
Esi Colecraft,1,0,1
Estelle Koussoube,0,1,1
Esther Duflo,1,0,1
"Esther Duflo 
PhD Maheshwor Shrestha",1,0,1
"Esther Duflo 
PhD Natalia Garbiras",1,0,1
Ethan Ligon,1,0,1
Eugénie Maïga,0,3,3
Eu-Wayne Mok,1,0,1
Eva Lestant,1,0,1
Faisal Bari,1,0,1
Farah Said,2,0,2
Fatima Zahra,1,0,1
Felipe Barrera-Osorio,3,1,4
Fernanda Marquez-Padilla,0,1,1
Fernanda Sobrino,1,0,1
Fernando Fernandez,0,1,1
Fernando Fernandez Bazán,1,0,1
Ferran Vega Carol,1,0,1
"Flora Bergounhon 
PhD Mark Walsh",1,0,1
"Flora Myamba 
PhD Peter Carroll",1,0,1
Florence Kondylis,4,1,5
Florencia Devoto,1,0,1
Florencia Lopez Boo,1,0,1
Florian Foos,1,1,2
Florian Grosset,2,0,2
Frances Kimmins,1,0,1
Francesca Truffa,1,0,1
Francesco Loiacono,1,0,1
Francis Annan,8,0,8
Francisco Moraes Leitao Campos,4,0,4
Francisco Pancho Gallego,1,0,1
Frank Schilbach,0,1,1
Fred Zaal,1,0,1
Frederico Finan,2,2,4
Fredrik M Sjoberg,0,1,1
Gabriel Arrisueño Fajardo,1,0,1
Gabriel Gabe Tourek,2,0,2
Gabriele Oettingen,1,0,1
Gabriella Conti,1,0,1
Gareth Arthur Roberts,1,0,1
Gareth Nellis,1,0,1
Gastón Pierri,1,0,1
Gautam Rao,1,0,1
"Geoffrey Olado Oduasi 
PhD David Contreras Loya",1,0,1
George Okello,1,0,1
Gerard McCarthy,2,0,2
Gharad Bryan,6,3,9
Giacomo de Giorgi,1,0,1
Gianmarco Leon,1,1,2
Gillian Levine,1,0,1
Ginger Golub,2,0,2
Giorgia Barboni,2,2,4
Gisella Kagy,1,0,1
"Giuseppe De Arcangelis 
PhD Obeid Ur Rehman",1,0,1
Giuseppe Raviola,0,1,1
Glenn Harrison,2,0,2
Go Shimada,1,0,1
Golvine de Rochambeau,1,0,1
Gondal Neha,1,0,1
Graeme Blair,3,0,3
Grant Miller,4,0,4
Gregory Lane,4,1,5
Gregory M Fischer,3,1,4
Guadalupe Bedoya,1,0,1
Gudrun Ostby,1,0,1
Guglielmo Briscese,1,1,2
Guigonan Serge Adjognon,0,1,1
Guilherme Lichand,2,1,3
Gunther Fink,7,7,14
"Gunther Fink 
PhD Christopher Boyer",1,0,1
Gustav Agneman,0,1,1
Gustavo Duncan,1,1,2
Guthrie Gray-Lobe,3,0,3
Guush Berhane,0,1,1
Guy Grossman,3,4,7
Hannah Baron,2,0,2
Harounan Kazianga,2,2,4
Harsha Thirumurthy,0,1,1
Heather Schofield,1,1,2
Hector Paredes,0,1,1
Heiner Salomon,0,1,1
Helen Weiss,0,1,1
Henrique Pita Barros,1,0,1
Hernando Zuleta,0,1,1
Hilary Yu,2,0,2
Hilke Gudel,1,0,1
Hirokazu Yoshikawa,2,1,3
Horacio Larreguy,2,0,2
Hossein Alidaee,0,1,1
Huayu Xu,1,0,1
Hubert Amu,1,0,1
Hunt Allcott,1,2,3
Ibironke Olofin,0,1,1
Ignacio Banares Sanchez,1,0,1
Ignacio Marra Artinano,1,0,1
Ignacio Rodriguez,1,0,1
Iman Sen,1,0,1
Imran Rasul,2,0,2
Inés Kudo,0,1,1
Ipsita Das,2,1,3
Isaac Mbiti,3,0,3
"Isabel Günther 
PhD Maria Viola Asri",0,1,1
Isabel Lambrecht,1,0,1
Isabel Macdonald,2,0,2
Isabel Onate Falomir,2,0,2
Isabelle Carboni,1,0,1
Isabelle Cohen,1,3,4
Ishita Ghai,1,0,1
Italo Lopez Garcia,1,0,1
J. Tim Dvonch,1,0,1
Jack Willis,3,0,3
Jacob Kopas,1,0,1
Jacobus Cilliers,0,3,3
Jaime Millan Quijano,0,1,1
Jakob Svensson,1,0,1
Jalikatu Mustapha,0,1,1
James Choi,1,0,1
James Habyarimana,3,1,4
James J Prescott,1,0,1
James Levinsohn,1,0,1
James Riddell IV,1,0,1
James Robinson,1,0,1
"James Tinker 
PhD Annet Adong",0,1,1
Jamie Johnston,0,2,2
Jamie McCasland,1,0,1
Jane Esberg,1,0,1
Janet Lewis,0,2,2
"Janneke Janneke Pieters 
PhD Sarah Wairimu Kariuki",1,0,1
Jason Abaluck,1,0,1
Jason Kerwin,1,1,2
Javier Romero Haaker,1,1,2
Jaya Wen,0,1,1
Jayne Webster,1,0,1
Jean Elphick,1,0,1
Jeanine Condo,1,1,2
Jeanne Lafortune,1,4,5
Jeannie Annan,4,1,5
Jed Friedman,1,0,1
Jedediah Silver,1,0,1
Jeffah Momanyi,1,0,1
Jennifer Alix-Garcia,1,0,1
Jennifer Blesh,1,0,1
Jennifer Larson,0,2,2
Jennifer Scott,1,2,3
Jennifer Seager,2,0,2
Jenny Aker,1,1,2
"Jenny Aker 
PhD Dahyeon Jeong",1,0,1
"Jenny Aker 
PhD Naresh Kumar",1,0,1
Jenny Liu,0,2,2
Jere Behrman,1,1,2
Jeremy Burke,1,1,2
Jeremy Magruder,2,4,6
Jeremy Weinstein,4,0,4
Jessica Cohen,3,1,4
Jessica Goldberg,12,6,18
Jessica Gottlieb,0,1,1
Jessica Kiessel,0,1,1
Jessica Leight,1,1,2
Jessica Sadye Wolff,1,0,1
Jessie Pinchoff,4,2,6
Jhumka Gupta,0,1,1
Jie Bai,3,0,3
Jihae Hong,1,0,1
Jim Wright,0,1,1
Jimena Llopis Abella,1,0,1
Jimena Romero,1,0,1
Jimin Oh,1,0,1
Jimmy Graham,0,1,1
Jimmy Lee,0,1,1
Jing Cai,1,0,1
Jishnu Das,2,0,2
Joachim Vandercasteelen,0,1,1
Joan Hamory Hicks,3,1,4
Joan Martinez Palomino,1,0,1
Joana Monteiro,3,0,3
Joao Montalvao,2,1,3
Joao Tampellini,2,0,2
Joaquin Emmanuel J Gonzales,1,0,1
Jody Sindelar,1,0,1
Joe Price,1,0,1
Joeri Smits,3,1,4
Joesph Felter,0,1,1
Johannes Haushofer,3,1,4
John Lawrence Aber,1,1,2
John Loeser,2,0,2
John Mungai,1,0,1
John van Reenen,1,0,1
Jolene Skordis-Worrall,0,1,1
Jonas Hjort,1,0,1
Jonathan de Quidt,1,0,1
Jonathan Green,1,0,1
Jonathan Greenacre,1,0,1
Jonathan Robinson,9,5,14
Jonathan Rodden,1,0,1
Jonathan Weigel,1,1,2
Jonathan Zinman,4,4,8
"Jonathan Zinman 
PhD Joshua Kim",0,1,1
"Jonathan Zinman 
PhD Kareem Haggag",1,0,1
Joost De Laat,2,0,2
Jordan Farrar,1,0,1
Jorge Cuartas,0,3,3
Jorge Gallego,1,0,1
José Raimundo Carvalho,1,0,1
José Tessada,0,2,2
"Jose Ramon Albert 
PhD Daniel Strachan",0,1,1
Joseph Vecci,1,0,1
Josephine Aldaba,1,0,1
Josepth Goeb,2,0,2
Joshua Blumenstock,4,2,6
Joshua Deutschmann,1,0,1
Joshua Gruber,1,2,3
Joshua Hyman,0,1,1
Joshua Kim,0,1,1
Juan Esteban Saavedra,2,2,4
Juan Francisco Santini,1,0,1
Juan Manuel Hernández-Agramonte,11,2,13
Juan Munoz,1,0,1
Juan Santini,1,0,1
Juan Sebastián Muñoz-Morales,1,1,2
Juan Tellez,1,0,1
Julia Buzan,0,1,1
Julia Driessen,0,1,1
Julia Kleinewiese,1,0,1
Julia Seither,1,0,1
Julia Vaillant,3,1,4
Julia-Anne Little,0,1,1
Julian Dyer,0,1,1
Julian Jamison,1,0,1
Juliana Borbón,0,1,1
Juliana Camargo,1,0,1
Juliana Londoño,1,1,2
Julie Chytilová PhD,1,0,1
Julie Perng,1,0,1
Juliette Finetti,1,0,1
Juliette Seban,1,0,1
Justin Sandefur,1,0,1
Justine Burns,0,1,1
Kaja Jasinska,0,1,1
Karen Austrian,1,0,1
Karen Devries,2,1,3
Karen Grépin,4,0,4
Karen Levesque,1,0,1
Karen Macours,2,0,2
Karlijn Morsink,3,0,3
Karol Mark Yee,1,0,1
Karrar Hussain,1,0,1
Karthik Muralidharan,1,0,1
Kashif Zaheer Malik,3,0,3
Kate Ambler,1,0,1
"Kate Cronin-Furman 
PhD Alessandro Toppeta",0,1,1
Kate Orkin,1,0,1
Katharina Michaelowa,0,1,1
Katharine Baldwin,3,0,3
Katherine Amato,1,0,1
Katherine Casey,6,1,7
Katherine L. Milkman,1,0,1
Katherine Rodrigues,1,0,1
Katherine Tumlinson,3,1,4
Katherine Vyborny,1,0,1
Kathleen Beegle,1,1,2
"Kathleen McGinn 
PhD Corinne Low",0,1,1
Kathryn Falb,1,0,1
Kathryn Glynn-Broderick,2,0,2
Katrina Kosec,0,2,2
Kawango Agot,0,1,1
Kazumi Inden,1,0,1
Kehinde F Ajayi,1,0,1
Kelly Bidwell,0,1,1
Kelsey Holt,0,1,1
Kelsey Jack,4,2,6
"Kelsey Jack 
PhD Torsten Walter",1,0,1
Kelsey Morgan,1,0,1
Kelvin Shikuku,2,0,2
Kevin Carney,1,1,2
Kevin Munger,1,0,1
Kieran Byrne,1,0,1
Kieran O'Donnell,1,0,1
Kim Fe Cramer,1,0,1
Kimberly Foulds,1,0,1
Klaus Deininger,1,0,1
Kristen Himelein,1,0,1
"Kristin Michelitch 
PhD Ana Garcia Hernandez",1,0,1
Kristine Koutout,0,1,1
Kumar Biswas,0,1,1
Kyeong Ho Lee,1,0,1
Kyle Emerick,1,0,1
Kyu Khin Gar,0,1,1
Laarni Escresa,0,1,1
Laia Navarro-Sola,1,1,2
Lakshmi Iyer,0,1,1
Lasse Brune,9,2,11
Lasse Brune (UMich address),1,0,1
Laura Chioda,3,5,8
"Laura Chioda 
PhD Aisling Scott",1,0,1
Laura Cordisco Tsai,1,0,1
Laura Kwong,1,1,2
Laura Packel,0,1,1
Laura Polanco,1,0,1
Laura Ralston,1,0,1
Laura Schechter,2,0,2
Lauren Falcao Bergquist,5,1,6
Lauren Ng,0,1,1
Lauren Pinson,1,0,1
Lauren Suchman,1,0,1
Lauren Young,2,0,2
Lauriane Yehouenou,1,0,1
Leah Rosenzweig,0,1,1
Leandro Carvalho,0,2,2
Leandro Piquet,1,0,1
Leigh Linden,0,2,2
Lelys Dinarte,2,1,3
Lemayon Melyoki,1,0,1
Leonard Wantchekon,0,2,2
Leonardo Arriola,0,2,2
Leonardo Iacovone,5,1,6
"Leonardo Iacovone 
PhD Alexia Delfino",1,0,1
Leora Klapper,4,1,5
Lex van Geen,2,2,4
Lidwien Sol,0,1,1
Lieven Huybregts,0,1,1
Ligia Kiss,1,0,1
Lila Rabinovich,0,1,1
Lilian Waithaka,1,0,1
Lily Tsai,1,0,1
Lina Cardona Sosa,0,1,1
Lina Díaz,2,0,2
Linda Scott,0,1,1
Lindsey Kennedy,0,1,1
Lindsey Locks,0,1,1
Lindsey Novak,1,1,2
Lisa Spantig,3,1,4
Lise Masselus,1,0,1
Livia Schubiger,1,1,2
Loic Watine,8,3,11
Lore Vandewalle,3,1,4
Lorenzo Casaburi,7,0,7
Lori Beaman,1,2,3
Louise Paul-Delvaux,1,0,1
Lucas Mariani,1,0,1
Lucas Zavala,1,0,1
Lucia Corno,1,0,1
Lucia Tiscornia,0,1,1
Luciana Beccassino,0,1,1
Luciana Delgado,1,0,1
Ludovica Gazze,1,1,2
Luis Carvajal,1,1,2
Luisa Feline Freier,0,1,1
Luiza Cardoso De Andrade,2,0,2
Luz Magdalena Salas,2,2,4
Maarten Voors,2,0,2
Macartan Humphreys,3,0,3
Maddalena Honorati,1,0,1
Mahesh Karra,2,0,2
Mahreen Khan,2,0,2
Mahreen Mahmud,5,1,6
Maia Sieverding,0,1,1
Maita Chan-Gonzaga,1,0,1
Maite Deambrosi,1,0,1
Maliha Rahanaz,1,1,2
Malika Basu,1,0,1
Malte Lierl,1,1,2
Manasi Deshpande,0,1,1
Manaswini Rao,1,0,1
Manisha Shah,1,0,1
Manon Delvaux,1,0,1
Manuel Barron,2,4,6
"Manuel Barron 
PhD Rowan Clarke",1,0,1
Manuel Bustamante,1,0,1
María Cecilia Dedios,1,0,1
Marc Dean,1,0,1
Marc Witte,0,1,1
Marcel Fafchamps,1,0,1
Marcella Alsan,0,1,1
Marco González Navarro,1,0,1
Marco Stampini,1,0,1
Marcus Holmlund,2,1,3
Margaret McConnell,1,2,3
Margaret McMillan,1,0,1
Margherita Calderone,1,0,1
Maria Adelaida Ortega,1,0,1
Maria Carmen Fernandez,1,0,1
Maria Del Pilar Lopez Uribe,0,1,1
Maria Elisa Failache,1,0,1
Maria Hernandez de Benito,1,0,1
Maria Jones,2,1,3
Maria Mercedes Mateo Diaz,1,0,1
Maria Mercedes Mateo-Berganza Diaz,2,0,2
Maria Micaela Sviatschi,3,1,4
Maria Porter,2,0,2
Maria Rosales-Rueda,0,1,1
Mariajose Silva Vargas,1,0,1
Marianna Balampama,0,1,1
Mariano Bosch Mossi,1,0,1
Marie Boltz,1,0,1
Marie Christine Apedo-Amah,0,1,1
Mariel Bedoya,1,0,1
Marine Casalis,2,0,2
Marinella Leone,0,1,1
Mario Macis,1,0,1
Mariona Tres,1,0,1
Marisol Rodriguez Chatruc,3,1,4
Marites Tiongco,0,1,1
Marjorie Breslawski,1,0,1
Mark C. Thurber,0,1,1
Mark L. Wilson,1,0,1
Mark Walsh,1,0,1
Markus Froelich,0,1,1
Markus Goldstein,11,4,15
Markus Taussig,0,3,3
Marshall Burke,1,0,1
Marta Grabowska,1,0,1
Marta Ménendez,0,1,1
Martín Valdivia,2,0,2
Martha Sanchez,2,0,2
Martin Eling,1,0,1
Martin Kanz,1,1,2
Martin Mattsson,2,1,3
"Martina Björkman Nyqvist 
PhD Andrea Guariso",1,0,1
Martina Viarengo,1,0,1
Martine Visser,1,1,2
Martino Pelli,1,0,1
Mary Arends-Kuenning,0,1,1
Mateo Montenegro,1,1,2
Mateo Vásquez-Cortés,1,0,1
Mateo Vasquez,1,0,1
Mateo Villamizar,1,0,1
Mathias Fosu,0,1,1
Mathilde Emeriau,1,0,1
Matias Busso,1,0,1
Mattea Stein,1,0,1
Matthew Bird,3,9,12
Matthew Grant,1,0,1
Matthew Lowe,1,0,1
Matthew Reimer,0,1,1
Matthew Summers,1,0,1
Matthew Winters,1,0,1
Matthieu Chemin,1,0,1
Mattie Toma,1,0,1
Maulik Jagnani,1,0,1
Mauricio Fernandez,0,1,1
Mauricio Romero,2,0,2
Mauricio Roomero,0,1,1
Mawuli Dzodzomenyo,0,1,1
May Sudhinaraset,4,1,5
Mayara Felix,0,1,1
Megan Lang,1,2,3
Megan Rounseville,1,0,1
Megan Ryan,2,2,4
Meghna Ranganathan,1,0,1
Melanie Morten,1,1,2
Melina Platas Izama,1,2,3
Melissa Hidrobo,0,1,1
Melissa Tully,1,0,1
Meredith Dank,1,0,1
Meredith Startz,4,0,4
Michael Abrigo,1,0,1
Michael Callen,2,0,2
Michael Davidson,2,0,2
Michael Faye,1,0,1
Michael Gilligan,1,0,1
Michael Grimm,0,1,1
Michael King,4,0,4
Michael Kremer,8,2,10
Michael Law,1,0,1
Michael Luca,1,0,1
Michael Michael Touchton,1,0,1
Michael O?Sullivan,2,1,3
Michael Walker,1,0,1
Michael Weber,1,1,2
Michael Weintraub,2,2,4
Michal Bauer PhD,1,0,1
Michelle Ylade,1,0,1
Mike Murphy,1,0,1
Minahil Asim,0,1,1
Miriam Bruhn,1,0,1
Moffat Nyirenda,0,1,1
Mohamed Abouaziza PhD,1,0,1
Mohammad Haque,1,0,1
Mohammed Bukar,2,0,2
Molly Lipscomb,2,0,2
Molly Offer-Westort,1,0,1
Monica A Onyango,1,0,1
Monica Lambon-Quayefio,1,0,1
"Monica Lambon-Quayefio 
PhD Utsav Manjeer",1,0,1
Monica Singhal,1,0,1
Moogdho Mahzab,1,0,1
Morgan Hardy,1,0,1
Moritz Poll,2,0,2
Moussa P. Blimpo,1,0,1
Muhamad Maqsud Hossain,1,0,1
Muhammad Meki,1,0,1
Munseob Lee,1,1,2
Munshi Sulaiman,1,1,2
Mushfiq Mobarak,12,10,22
Mwende Mbondo,1,0,1
Myat Su Tin,1,0,1
Myat The Thitsar,1,0,1
Mylene Lagarde,1,2,3
Mywish Maredia,2,0,2
Nadia Diamond-Smith,1,0,1
Nahomi Ichino,1,0,1
Namrata Kala,2,1,3
"Namrata Kala 
PhD Iman Sen",1,0,1
Nancy Scott,0,1,1
Nasiruddin Ahmed,1,0,1
Natália Poláková,1,0,1
Natalia Polakova,1,0,1
Natalia Rigol,2,0,2
Natalie Bau,2,3,5
Natan Skigin,1,0,1
Nate Hansen,0,1,1
Nathan Barker,0,1,1
Nathan Congdon,0,1,1
Nathan Fiala,11,15,26
"Nathan Fiala 
PhD Annekathrin Schoofs",1,0,1
Nathan Hansen,1,0,1
Nathan Remcho,0,1,1
Nathanael Goldberg,3,2,5
Nathaniel D. Jensen,2,0,2
Nathaniel Higgins,0,1,1
Naufel Vilcassim,0,1,1
Nava Ashraf,7,7,14
Ned Augenblick,1,0,1
Neha Batura,0,1,1
Neil Ferguson,0,1,1
Nejla Asimovic,2,0,2
Niall Keleher,3,1,4
Niccolo Francesco Meriggi,1,1,2
Nicholas Haas,1,0,1
Nicholas Ross,1,0,1
Nicholas Swanson,2,1,3
Nick Tsivnaidis,1,0,1
Nico Ravanilla,1,5,6
Nicola Pocock,2,1,3
Nicolas De Roux,1,0,1
Nicole Bonoff,1,0,1
Nicolo Tomaselli,2,3,5
Niels Kemper,0,1,1
Niklas Buehren,2,0,2
"Niklas Buehren 
PhD Fernando Fernandez",1,0,1
Niklas Heusch,0,1,1
Niko Kaciroti,1,0,1
Nikos Georgantzis,0,1,1
Niloufer Siddiqui,1,0,1
Nirali Chakraborty,1,0,1
Nishith Prakash,1,0,1
Nithya Srinivasan,1,1,2
Nneka Osadolor,1,0,1
Noah L. Nathan,1,0,1
Noam Angrist,3,3,6
Noam Yuchtman,1,0,1
Nobuhiko Fuwa,1,0,1
Noelia Bernal,1,0,1
Nouréini Sayouti,1,0,1
Obeid Ur Rehman,1,0,1
Oeindrila Dube,2,0,2
Ognen Stojanovski,0,1,1
Olga Namen,3,3,6
Olivia Woldemikael,1,0,1
Olivier Sterck,0,1,1
Om Narasimhan,1,0,1
Omar Galarraga,1,0,1
Orazio Attanasio,5,5,10
Oriana Bandiera,5,0,5
Osman Siddiqi,0,1,1
"Osman Siddiqi 
PhD Alix Bonargent",0,1,1
Oswaldo Molina,2,1,3
Ottavia Veroux,1,0,1
Owen Ozier,3,0,3
Pablo Guzman Lizardo,0,1,1
Pablo Ibarraran,1,0,1
Pablo Lavado,0,2,2
Pablo Querubin,1,0,1
Pamela Jakiela,2,1,3
Pamela Jervis,1,0,1
Paolo Falco,0,1,1
Pascaline Dupas,7,3,10
"Pascaline Dupas 
PhD Eilin Francis",1,0,1
Patricio Dalton,1,1,2
Patrick Agte,1,0,1
Patrick Premand,2,1,3
Paul Adams,3,0,3
Paul Gertler,16,21,37
Paul Glewwe,1,4,5
Paul Niehaus,1,0,1
"Paul Niehaus 
PhD Michael Walker",1,0,1
Paul Onyango,0,1,1
Paul Pornpawit Brimble,1,0,1
Paula Lopez-Pena,1,3,4
Pauline Rossi,1,0,1
Pavani Ram,0,1,1
Pedro Rosa Dias,1,0,1
Peninah Kinya Masibo,0,1,1
Perez A. Onono - okelo,1,0,1
Peter C Rockers,5,4,9
Peter Ganong,0,1,1
Peter Hangoma,2,1,3
Peter John,0,1,1
Peter Lefrancois,2,0,2
Peter Smith,1,0,1
Peter Szilagyi,1,0,1
Peter Van Der Windt,1,0,1
Peter Vining,1,0,1
Peter Waiswa,1,0,1
PhD Adrien Matray,0,1,1
PhD Aishwarya Ben Dhia,0,1,1
PhD Alexander Fertig,1,0,1
PhD Anna Brüderle,0,1,1
PhD Anne Karing,0,1,1
PhD Ashley Wong,1,0,1
PhD Bishnu Thapa,1,0,1
PhD Constantine Manda,1,0,1
PhD Dahyeon Jeong,1,0,1
PhD Dennis Timo Egger,0,1,1
PhD Dylan Groves,2,0,2
PhD Elisa Maffioli,0,1,1
PhD Jimmy Lee,0,1,1
PhD Jose Alejandro Martinez,1,0,1
PhD Lise Masselus,1,0,1
PhD Mahesh Karra,1,0,1
PhD Natalia Garbiras,0,1,1
PhD Seema Kacker,1,0,1
PhD Srinivasan Vasudevan,1,0,1
Philip Roessler,10,2,12
Phillip Okull,1,0,1
Phumlani Nkontwana,0,1,1
Phyu Phyu Thin Zaw,1,0,1
Pia Raffler,1,1,2
Pietro Biroli,1,0,1
Polly Ericksen,1,0,1
Portia Williams,0,1,1
Prabhat Barnwal,1,1,2
Prabin Khadka,3,0,3
Pradeep K. Chintagunta,0,1,1
Prince Agwu,1,0,1
Priya Mukherjee,2,3,5
Priyanka Sarda,1,0,1
Quentin Daviot,1,0,1
Quentin Stoeffler,1,0,1
Rachael Meager,1,0,1
Rachel Cassidy,2,0,2
Rachel Gardner,1,0,1
Rachel Glennerster,8,1,9
Rachel Heath,1,0,1
Rachel Pizatella-Haswell,1,0,1
Rachel Steinacher,4,1,5
"Rachel Steinacher 
PhD Annekathrin Schoofs",1,0,1
"Rachel Steinacher 
PhD Camilla Fabbri",1,0,1
Rachna Nag Chowdhuri,1,0,1
"Rachna Nag Chowdhuri 
PhD Kritika Narula",1,0,1
Rafael Ch,1,0,1
Rafael Novella,2,0,2
Rafe Mazer,7,0,7
Raimundo Undurraga,2,0,2
Raissa Fabregas,1,1,2
Raj Chetty,1,0,1
Rajesh Chandy,2,0,2
Ralph De Haas,1,0,1
Raquel Bernal,0,1,1
"Rashmi Barua 
PhD Paolo Abarcar",0,1,1
Raul Sanchez de la Sierra,1,0,1
Raymond Duch,1,1,2
Raymond Guiteras,1,0,1
Rebecca Dizon-Ross,1,0,1
Rebecca Littman,3,0,3
Rebecca Rouse,2,0,2
Rebecca Thornton,1,6,7
Rebecca Wolfe,2,1,3
Reginald Quansah,1,0,1
Rema Hanna,1,0,1
Remmy Mukonka,0,1,1
Renard Sexton,2,5,7
Reshmaan Hussam,5,1,6
Reva Dhingra PhD Student,1,0,1
Richard Akresh,2,1,3
Richard Laing,1,0,1
Richmond Aryeetey,1,0,1
Riley Emma Green,2,0,2
Ritwika Sen,1,1,2
Robert Blair,1,2,3
Robert Brennan,1,0,1
Robert Osei,4,0,4
Robert Pickmans,2,0,2
Roberta Ziparo,0,3,3
Robin Burgess,1,1,2
Robin Harding,0,1,1
Rocco Macchiavello,5,0,5
Rocco Zizzamia,1,1,2
Rodrigo Canales,11,8,19
Roger Mac Ginty,0,1,1
Rohini Pande,2,0,2
Roland Rathelot,0,1,1
Roman Andres Zarate,1,3,4
Ronald Mendoza,1,1,2
Rowan Clarke,1,0,1
Ruo Jia,1,0,1
Ruozi Song,0,1,1
Russell Toth,9,8,17
"Russell Toth 
PhD Andrea Smurra",1,0,1
Ryan Edwards,0,1,1
Ryan Sheely,0,2,2
Ryoko Sato,0,1,1
Sabrin Beg,1,0,1
Saher Asad,1,0,1
Salma Mousa,2,0,2
Sam Hsu,1,0,1
Samantha Kleindienst Robler,0,1,1
Samuel Berlinski,1,0,1
Samuel Leone,1,0,1
Samwel Nassary,0,1,1
Sandra Aguilar-Gomez,0,1,1
Sandra Ley,2,0,2
Sandra Morgenstern,2,0,2
Sandra Rozo,6,1,7
Sanna Balsari-Palsule,1,0,1
Santiago Izquierdo Tort,1,0,1
Santiago Pérez-Cardona,1,0,1
Santiago Saavedra Pineda,2,1,3
Santiago Tobon,4,3,7
"Santiago Tobon 
PhD Arantxa Rodriguez Uribe",1,0,1
Santiago Truffa,0,1,1
Sarah Baird,2,2,4
Sarah Kabay,12,0,12
Sarah Kopper,0,1,1
Sarah Winton,1,0,1
Sathy Rajasekharan,1,0,1
Satoshi Shimizutani,1,0,1
Scott Lee,1,0,1
Sean Higgins,9,2,11
Sean Sylvia,1,0,1
Sebastian Chaskel,0,1,1
Sebastian Fehrler,0,1,1
Sebastian Galiani,5,2,7
Sebastian Martinez,1,0,1
Sebastian Tello-Trillo,1,0,1
Seema Jayachandran,4,0,4
"Seema Jayachandran 
PhD Sarojini Rao",1,0,1
Selim Gulesci,2,1,3
Selina Dana Hofstetter,1,0,1
Seo Yeon Hong,0,1,1
Sergio Bautista,1,0,1
Seth Garz,3,0,3
Shahadat Hossain,1,0,1
Shahana Nazneen,1,0,1
Shana Warren,25,0,25
Shanthi Manian,1,0,1
Sharon Barnhardt,1,0,1
Sharon Wolf,4,7,11
Shashidhara Kolavalli,1,0,1
Shefali Khanna,0,1,1
Sheisha Kulkarni,1,1,2
Shelby Carvalho,1,3,4
Shilpa Aggarwal,5,1,6
"Shilpa Aggarwal 
PhD Dahyeon Jeong",1,0,1
Shinji Shinji Okazaki,0,2,2
Shreya Atreyi Kankanhalli,0,1,1
Shweta Bhogale,0,1,1
Shyamal Chowdhury,2,1,3
Sidiki Soubeiga,0,1,1
Sigrid Weber,1,1,2
Silvia Paruzzolo,1,0,1
Silvia Prina,2,1,3
Simon Franklin,1,0,1
Simon Quinn,2,0,2
Simon Wagura Ndiritu,1,0,1
Simone Schaner,4,0,4
Sindy Li,1,0,1
Siuyuat Wong,1,0,1
Slawa Rokicki,1,2,3
Slesh Anand Shrestha,0,1,1
Sneha Subramanian,1,0,1
Soeren Henn,1,0,1
Solène Delacourt,1,0,1
Solomon Z Walelign,1,0,1
Sonia Bhalotra,1,0,1
Sonya Krutikova,2,0,2
Sophie Ann Namy,1,0,1
Sophie Boisson,1,0,1
Sophie Goudet,0,1,1
Stanislao Maldonado,3,3,6
Stefan Dercon,3,2,5
Stefano Fiorin,2,0,2
Stephanie Bonds,2,2,4
Stephen J. Anderson-MacDonald,2,2,4
"Stephen Kosack 
PhD Akshay Dixit",1,0,1
Stephen Luby,1,0,1
Steve Glazerman,1,0,1
Steven Glazerman,5,0,5
Stevens Bechange,1,0,1
Stuti Khemani,1,0,1
Subhrendu Pattanayak,1,1,2
Sule Alan,1,0,1
Suleiman Asman,1,0,1
Sultan Mehmood,1,0,1
Supreet Kaur,2,0,2
Susan Athey,1,0,1
Susan Godlonton,2,2,4
Susan Parker,0,1,1
Susana Puerto,1,0,1
Susumu Yoshida,0,1,1
Suzanne Duryea,1,0,1
Sydnee Caldwell,0,1,1
Sylvain Chassang,1,0,1
Sylvan Herskowitz,2,0,2
Sylvia Namakula,1,0,1
Syon Bhanot,1,0,1
Tagel Gebrehiwot Gidey,2,0,2
Tamara Billima Mulenga,0,2,2
Tamora Callands,1,0,1
Tanya Rosenblat,1,0,1
Tara Grillos,1,0,1
Tara Slough,2,0,2
Tarek Ghani,1,0,1
Tavneet Suri,15,3,18
Ted Miguel,8,1,9
"Ted Miguel 
PhD Lauren Falcao Bergquist",1,0,1
Teevrat Garg,1,2,3
Terence Johnson,2,0,2
Ther Aung,2,1,3
Theresa Beltramo,2,0,2
Theresa Betancourt,4,0,4
Thierno Faye,1,0,1
Thoai Ngo,2,1,3
Thomas Bossuroy,0,1,1
Thomas Clasen,1,0,1
Thomas Ginn,0,1,1
Thomas Polley,1,0,1
Thorsten Beck,1,0,1
Thu Tran,1,0,1
Tiffany Tsai,3,0,3
Tilman Brueck,0,1,1
Timothy Abuya,1,0,1
Timothy Powell-Jackson,0,2,2
Tinghua Yu,1,0,1
Tobias Vorlaufer,1,0,1
Todd Pugatch,2,4,6
Tom Vogl,0,1,1
Tommaso Crosta,2,0,2
Tomohiro Hara,0,2,2
Tomoki Fujii,3,0,3
Tomoko Harigaya,1,1,2
Torsten Walter,3,0,3
Total,1864,900,2764
Tracey Chantler,1,0,1
Travis Baseler,2,0,2
Tricia Gonwa,6,0,6
Tristan Reed,1,1,2
Tsegay Tekleselassie,1,0,1
Tsuda Shunsuke,0,2,2
Ty Turley,1,0,1
Uchechi Anaduaka,1,0,1
Ulrich Eberle,1,0,1
Urs Fischbacher,0,1,1
Ursula Aldana,0,1,1
Ursula Teresa Aldana,0,1,1
Valentina Brailovskaya,1,0,1
Valerie Mueller,1,0,1
Valerien Pede,1,0,1
Vally Koubi,0,1,1
Vandana Sharma,1,2,3
Vanessa Schreiber,1,0,1
Vegard Iversen,1,0,1
Vera Chiodi,1,0,1
Veronica Frisancho,1,0,1
Veronika Wirtz,1,0,1
Vicente Paqueo,1,0,1
Vicki-Ann Ware,0,1,1
Victor Pouliquen,0,1,1
Victoria Baranov,0,1,1
Victoria Strokova,1,0,1
Vincent Somville,0,1,1
Vincenzina Caputo,1,0,1
Vivian Hoffmann,2,2,4
Vivian Khedari DePierro,2,0,2
Waldo Ojeda,2,0,2
Wayne Sandholtz,1,0,1
Willa Friedman,1,0,1
William Blackmon,5,0,5
William Dow,0,1,1
William Jack,2,1,3
William Maloney,0,1,1
William Nomikos,2,0,2
William Pariente,1,2,3
Wolf-Peter Schmidt,1,0,1
Woojin Jung,0,1,1
Xavier Gine,19,0,19
Xiaonan Cao,0,1,1
Xinjie Zhang,1,1,2
Yang Liu,1,0,1
Yaniv Stopnitzky,0,1,1
Yaw Nyarko,0,1,1
Yewande Olapade,0,1,1
Ying Cao,0,1,1
Yinka David-West,1,0,1
Yoshiki Wiskamp,1,0,1
Youngwoo Song,2,0,2
Yuhki Tajima,1,0,1
"Yuhki Tajima 
PhD Megan Ryan",1,0,1
Yulu Tang,1,0,1
Zachary Wagner,2,0,2
Zain Chaudhry,1,0,1
Zaki Wahhaj,2,0,2
Zhimin Li,1,0,1
Zin Nwe Win,1,0,1
